Species,Region,Sector,2014
SO2,USA,Agricultural Waste Burning,0.002475818583185239
SO2,CAN,Agricultural Waste Burning,0.0011360194851137624
SO2,MEX,Agricultural Waste Burning,0.0013853556349672181
SO2,JPN,Agricultural Waste Burning,0.000243948330610341
SO2,ANZ,Agricultural Waste Burning,0.0015903069093764664
SO2,EUR,Agricultural Waste Burning,0.002086822833575156
SO2,ROE,Agricultural Waste Burning,0.008173718326912528
SO2,RUS,Agricultural Waste Burning,0.0265044108651577
SO2,ASI,Agricultural Waste Burning,0.0028080072798442024
SO2,CHN,Agricultural Waste Burning,0.012449960227594101
SO2,IND,Agricultural Waste Burning,0.0032359913426155155
SO2,BRA,Agricultural Waste Burning,0.004966227675330241
SO2,AFR,Agricultural Waste Burning,0.030428097892576826
SO2,MES,Agricultural Waste Burning,0.00015766384779093473
SO2,LAM,Agricultural Waste Burning,0.004870066634694707
SO2,REA,Agricultural Waste Burning,0.004314711387328557
SO2,KOR,Agricultural Waste Burning,0.00010498737043609546
SO2,IDZ,Agricultural Waste Burning,0.0014227892092031373
NOx,USA,Agricultural Waste Burning,0.01924948847862598
NOx,CAN,Agricultural Waste Burning,0.008832551073780738
NOx,MEX,Agricultural Waste Burning,0.010771139508328047
NOx,JPN,Agricultural Waste Burning,0.001896698161155339
NOx,ANZ,Agricultural Waste Burning,0.012364635584583283
NOx,EUR,Agricultural Waste Burning,0.01622504670986428
NOx,ROE,Agricultural Waste Burning,0.0635506568051562
NOx,RUS,Agricultural Waste Burning,0.20607178369408233
NOx,ASI,Agricultural Waste Burning,0.0218322553667097
NOx,CHN,Agricultural Waste Burning,0.09679843600768306
NOx,IND,Agricultural Waste Burning,0.02515983125669638
NOx,BRA,Agricultural Waste Burning,0.03861241826708548
NOx,AFR,Agricultural Waste Burning,0.23657844918846638
NOx,MES,Agricultural Waste Burning,0.0012258363615174493
NOx,LAM,Agricultural Waste Burning,0.037864766085005275
NOx,REA,Agricultural Waste Burning,0.033546879391717604
NOx,KOR,Agricultural Waste Burning,0.0008162767631669586
NOx,IDZ,Agricultural Waste Burning,0.011062185531426013
NH3,USA,Agricultural Waste Burning,0.013431316009449365
NH3,CAN,Agricultural Waste Burning,0.006162905800482657
NH3,MEX,Agricultural Waste Burning,0.007515554451575724
NH3,JPN,Agricultural Waste Burning,0.0013234197058592829
NH3,ANZ,Agricultural Waste Burning,0.008627415132527728
NH3,EUR,Agricultural Waste Burning,0.011321014090010994
NH3,ROE,Agricultural Waste Burning,0.04434242276449856
NH3,RUS,Agricultural Waste Burning,0.14378643143882883
NH3,ASI,Agricultural Waste Burning,0.015233439712931906
NH3,CHN,Agricultural Waste Burning,0.0675410352936764
NH3,IND,Agricultural Waste Burning,0.017555253279891065
NH3,BRA,Agricultural Waste Burning,0.02694178568452304
NH3,AFR,Agricultural Waste Burning,0.1650724341139552
NH3,MES,Agricultural Waste Burning,0.0008553263939201452
NH3,LAM,Agricultural Waste Burning,0.0264201119537536
NH3,REA,Agricultural Waste Burning,0.02340730964268876
NH3,KOR,Agricultural Waste Burning,0.0005695564875394093
NH3,IDZ,Agricultural Waste Burning,0.007718631611697562
OC,USA,Agricultural Waste Burning,0.014235956312848155
OC,CAN,Agricultural Waste Burning,0.006532111798774077
OC,MEX,Agricultural Waste Burning,0.007965794597519928
OC,JPN,Agricultural Waste Burning,0.0014027028357352117
OC,ANZ,Agricultural Waste Burning,0.009144264391506035
OC,EUR,Agricultural Waste Burning,0.011999230808568385
OC,ROE,Agricultural Waste Burning,0.04699887867243758
OC,RUS,Agricultural Waste Burning,0.15240035672815982
OC,ASI,Agricultural Waste Burning,0.016146041246026192
OC,CHN,Agricultural Waste Burning,0.07158726853212528
OC,IND,Agricultural Waste Burning,0.01860694935697622
OC,BRA,Agricultural Waste Burning,0.02855580806164182
OC,AFR,Agricultural Waste Burning,0.17496155633368957
OC,MES,Agricultural Waste Burning,0.0009065670925981886
OC,LAM,Agricultural Waste Burning,0.028002882118915013
OC,REA,Agricultural Waste Burning,0.02480958948419849
OC,KOR,Agricultural Waste Burning,0.0006036773475799995
OC,IDZ,Agricultural Waste Burning,0.008181037681910211
BC,USA,Agricultural Waste Burning,0.004642159750940777
BC,CAN,Agricultural Waste Burning,0.0021300364999997613
BC,MEX,Agricultural Waste Burning,0.002597541765971818
BC,JPN,Agricultural Waste Burning,0.00045740310874566254
BC,ANZ,Agricultural Waste Burning,0.0029818254045883273
BC,EUR,Agricultural Waste Burning,0.003912792753604315
BC,ROE,Agricultural Waste Burning,0.015325721630841142
BC,RUS,Agricultural Waste Burning,0.049695769461568756
BC,ASI,Agricultural Waste Burning,0.0052650135610500855
BC,CHN,Agricultural Waste Burning,0.023343674956829024
BC,IND,Agricultural Waste Burning,0.006067483635338716
BC,BRA,Agricultural Waste Burning,0.009311676747053469
BC,AFR,Agricultural Waste Burning,0.05705268255823385
BC,MES,Agricultural Waste Burning,0.0002956197099440016
BC,LAM,Agricultural Waste Burning,0.009131374767269254
BC,REA,Agricultural Waste Burning,0.008090083705778702
BC,KOR,Agricultural Waste Burning,0.00019685131666049853
BC,IDZ,Agricultural Waste Burning,0.0026677297245698162
CO,USA,Agricultural Waste Burning,0.6313337284894063
CO,CAN,Agricultural Waste Burning,0.28968496339967686
CO,MEX,Agricultural Waste Burning,0.3532656800607816
CO,JPN,Agricultural Waste Burning,0.06220682251884221
CO,ANZ,Agricultural Waste Burning,0.4055282560866769
CO,EUR,Agricultural Waste Burning,0.5321398131219287
CO,ROE,Agricultural Waste Burning,2.084298139285595
CO,RUS,Agricultural Waste Burning,6.75862465373649
CO,ASI,Agricultural Waste Burning,0.71604184308512
CO,CHN,Agricultural Waste Burning,3.17473980319137
CO,IND,Agricultural Waste Burning,0.8251777760542262
CO,BRA,Agricultural Waste Burning,1.2663880355317036
CO,AFR,Agricultural Waste Burning,7.759164823231512
CO,MES,Agricultural Waste Burning,0.04020428055519224
CO,LAM,Agricultural Waste Burning,1.2418669701252953
CO,REA,Agricultural Waste Burning,1.1002513815306623
CO,KOR,Agricultural Waste Burning,0.026771778824087173
CO,IDZ,Agricultural Waste Burning,0.36281124211140514
C2H4O,USA,Agricultural Waste Burning,0.007675037514503381
C2H4O,CAN,Agricultural Waste Burning,0.003521660364074374
C2H4O,MEX,Agricultural Waste Burning,0.004294602416910585
C2H4O,JPN,Agricultural Waste Burning,0.0007562398118890233
C2H4O,ANZ,Agricultural Waste Burning,0.00492995136188539
C2H4O,EUR,Agricultural Waste Burning,0.006469150718459217
C2H4O,ROE,Agricultural Waste Burning,0.025338526572493594
C2H4O,RUS,Agricultural Waste Burning,0.0821636728209922
C2H4O,ASI,Agricultural Waste Burning,0.008704822460152374
C2H4O,CHN,Agricultural Waste Burning,0.03859487630535857
C2H4O,IND,Agricultural Waste Burning,0.010031573009182641
C2H4O,BRA,Agricultural Waste Burning,0.015395305644474552
C2H4O,AFR,Agricultural Waste Burning,0.0943271026136814
C2H4O,MES,Agricultural Waste Burning,0.0004887579258394374
C2H4O,LAM,Agricultural Waste Burning,0.015097206399022208
C2H4O,REA,Agricultural Waste Burning,0.013375605108058903
C2H4O,KOR,Agricultural Waste Burning,0.00032546084528572587
C2H4O,IDZ,Agricultural Waste Burning,0.004410646519429844
CH3COCHO,USA,Agricultural Waste Burning,0.004518368963577564
CH3COCHO,CAN,Agricultural Waste Burning,0.0020732355755775493
CH3COCHO,MEX,Agricultural Waste Burning,0.0025282740586146098
CH3COCHO,JPN,Agricultural Waste Burning,0.00044520570512085103
CH3COCHO,ANZ,Agricultural Waste Burning,0.0029023101378671014
CH3COCHO,EUR,Agricultural Waste Burning,0.0038084517195998567
CH3COCHO,ROE,Agricultural Waste Burning,0.014917036083209491
CH3COCHO,RUS,Agricultural Waste Burning,0.048370550278169944
CH3COCHO,ASI,Agricultural Waste Burning,0.005124613307237355
CH3COCHO,CHN,Agricultural Waste Burning,0.022721177548792604
CH3COCHO,IND,Agricultural Waste Burning,0.00590568422072529
CH3COCHO,BRA,Agricultural Waste Burning,0.009063365588051368
CH3COCHO,AFR,Agricultural Waste Burning,0.05553127919263393
CH3COCHO,MES,Agricultural Waste Burning,0.00028773652606816654
CH3COCHO,LAM,Agricultural Waste Burning,0.008887871694059399
CH3COCHO,REA,Agricultural Waste Burning,0.00787434837471142
CH3COCHO,KOR,Agricultural Waste Burning,0.00019160195151545284
CH3COCHO,IDZ,Agricultural Waste Burning,0.002596590334238728
HOCH2CHO,USA,Agricultural Waste Burning,0.004394577762969595
HOCH2CHO,CAN,Agricultural Waste Burning,0.0020164344848308084
HOCH2CHO,MEX,Agricultural Waste Burning,0.002459006130747421
HOCH2CHO,JPN,Agricultural Waste Burning,0.00043300826425271994
HOCH2CHO,ANZ,Agricultural Waste Burning,0.002822794633786253
HOCH2CHO,EUR,Agricultural Waste Burning,0.0037041103570316764
HOCH2CHO,ROE,Agricultural Waste Burning,0.014508349338457153
HOCH2CHO,RUS,Agricultural Waste Burning,0.04704532702889065
HOCH2CHO,ASI,Agricultural Waste Burning,0.004984212676262889
HOCH2CHO,CHN,Agricultural Waste Burning,0.022098678339159263
HOCH2CHO,IND,Agricultural Waste Burning,0.00574388431618112
HOCH2CHO,BRA,Agricultural Waste Burning,0.008815053721530072
HOCH2CHO,AFR,Agricultural Waste Burning,0.05400987124845857
HOCH2CHO,MES,Agricultural Waste Burning,0.00027985331721501363
HOCH2CHO,LAM,Agricultural Waste Burning,0.008644367858723528
HOCH2CHO,REA,Agricultural Waste Burning,0.007658612322916379
HOCH2CHO,KOR,Agricultural Waste Burning,0.00018635257241901297
HOCH2CHO,IDZ,Agricultural Waste Burning,0.002525450723081264
Higher_Alkanes,USA,Agricultural Waste Burning,0.0021044457841325843
Higher_Alkanes,CAN,Agricultural Waste Burning,0.0009656165576982508
Higher_Alkanes,MEX,Agricultural Waste Burning,0.0011775522769912647
Higher_Alkanes,JPN,Agricultural Waste Burning,0.0002073560782681017
Higher_Alkanes,ANZ,Agricultural Waste Burning,0.0013517608669881898
Higher_Alkanes,EUR,Agricultural Waste Burning,0.0017737993979150201
Higher_Alkanes,ROE,Agricultural Waste Burning,0.006947660534355024
Higher_Alkanes,RUS,Agricultural Waste Burning,0.022528749074309087
Higher_Alkanes,ASI,Agricultural Waste Burning,0.002386806160250527
Higher_Alkanes,CHN,Agricultural Waste Burning,0.010582466103278726
Higher_Alkanes,IND,Agricultural Waste Burning,0.0027505926120651642
Higher_Alkanes,BRA,Agricultural Waste Burning,0.0042212935021917345
Higher_Alkanes,AFR,Agricultural Waste Burning,0.0258638830313658
Higher_Alkanes,MES,Agricultural Waste Burning,0.00013401426934740498
Higher_Alkanes,LAM,Agricultural Waste Burning,0.004139556613591469
Higher_Alkanes,REA,Agricultural Waste Burning,0.0036675046453518738
Higher_Alkanes,KOR,Agricultural Waste Burning,8.923926385831041e-05
Higher_Alkanes,IDZ,Agricultural Waste Burning,0.0012093708188947018
C6H6,USA,Agricultural Waste Burning,0.0009284319889379628
C6H6,CAN,Agricultural Waste Burning,0.00042600731748516885
C6H6,MEX,Agricultural Waste Burning,0.0005195083744573972
C6H6,JPN,Agricultural Waste Burning,9.148062531059715e-05
C6H6,ANZ,Agricultural Waste Burning,0.000596365104251565
C6H6,EUR,Agricultural Waste Burning,0.0007825585825270182
C6H6,ROE,Agricultural Waste Burning,0.003065144444433201
C6H6,RUS,Agricultural Waste Burning,0.009939154289162458
C6H6,ASI,Agricultural Waste Burning,0.0010530027489984608
C6H6,CHN,Agricultural Waste Burning,0.004668735180519004
C6H6,IND,Agricultural Waste Burning,0.0012134967734918174
C6H6,BRA,Agricultural Waste Burning,0.0018623354242841051
C6H6,AFR,Agricultural Waste Burning,0.011410536973366575
C6H6,MES,Agricultural Waste Burning,5.912394478949892e-05
C6H6,LAM,Agricultural Waste Burning,0.0018262750300697252
C6H6,REA,Agricultural Waste Burning,0.0016180168037160942
C6H6,KOR,Agricultural Waste Burning,3.937026468288422e-05
C6H6,IDZ,Agricultural Waste Burning,0.0005335459670133655
Higher_Alkenes,USA,Agricultural Waste Burning,0.0020611189563366212
Higher_Alkenes,CAN,Agricultural Waste Burning,0.0009457362154342148
Higher_Alkenes,MEX,Agricultural Waste Burning,0.001153308559396833
Higher_Alkenes,JPN,Agricultural Waste Burning,0.00020308698288075874
Higher_Alkenes,ANZ,Agricultural Waste Burning,0.0013239304943784822
Higher_Alkenes,EUR,Agricultural Waste Burning,0.0017372800000593532
Higher_Alkenes,ROE,Agricultural Waste Burning,0.006804620481672006
Higher_Alkenes,RUS,Agricultural Waste Burning,0.022064921968033856
Higher_Alkenes,ASI,Agricultural Waste Burning,0.002337666052249876
Higher_Alkenes,CHN,Agricultural Waste Burning,0.010364591843798773
Higher_Alkenes,IND,Agricultural Waste Burning,0.0026939627717867723
Higher_Alkenes,BRA,Agricultural Waste Burning,0.004134384532502063
Higher_Alkenes,AFR,Agricultural Waste Burning,0.025331391386040375
Higher_Alkenes,MES,Agricultural Waste Burning,0.00013125515324154737
Higher_Alkenes,LAM,Agricultural Waste Burning,0.00405433046710722
Higher_Alkenes,REA,Agricultural Waste Burning,0.00359199719695663
Higher_Alkenes,KOR,Agricultural Waste Burning,8.740198596039715e-05
Higher_Alkenes,IDZ,Agricultural Waste Burning,0.0011844720134310991
C2H2,USA,Agricultural Waste Burning,0.001671177591503892
C2H2,CAN,Agricultural Waste Burning,0.0007668131714081147
C2H2,MEX,Agricultural Waste Burning,0.0009351150731030009
C2H2,JPN,Agricultural Waste Burning,0.0001646651252268007
C2H2,ANZ,Agricultural Waste Burning,0.001073457188211942
C2H2,EUR,Agricultural Waste Burning,0.001408605447165137
C2H2,ROE,Agricultural Waste Burning,0.005517259999796361
C2H2,RUS,Agricultural Waste Burning,0.017890477710994973
C2H2,ASI,Agricultural Waste Burning,0.0018954049485778715
C2H2,CHN,Agricultural Waste Burning,0.008403723318137872
C2H2,IND,Agricultural Waste Burning,0.0021842941937309764
C2H2,BRA,Agricultural Waste Burning,0.003352203756334581
C2H2,AFR,Agricultural Waste Burning,0.020538966526596557
C2H2,MES,Agricultural Waste Burning,0.00010642309986726072
C2H2,LAM,Agricultural Waste Burning,0.0032872950613976547
C2H2,REA,Agricultural Waste Burning,0.002912430243421875
C2H2,KOR,Agricultural Waste Burning,7.086647613027798e-05
C2H2,IDZ,Agricultural Waste Burning,0.000960382737573236
C2H4,USA,Agricultural Waste Burning,0.009036737927155128
C2H4,CAN,Agricultural Waste Burning,0.0041464711511550985
C2H4,MEX,Agricultural Waste Burning,0.0050565481172292195
C2H4,JPN,Agricultural Waste Burning,0.0008904114102417021
C2H4,ANZ,Agricultural Waste Burning,0.005804620275734203
C2H4,EUR,Agricultural Waste Burning,0.0076169034391997134
C2H4,ROE,Agricultural Waste Burning,0.029834072166418982
C2H4,RUS,Agricultural Waste Burning,0.09674110055633989
C2H4,ASI,Agricultural Waste Burning,0.01024922661447471
C2H4,CHN,Agricultural Waste Burning,0.04544235509758521
C2H4,IND,Agricultural Waste Burning,0.01181136844145058
C2H4,BRA,Agricultural Waste Burning,0.018126731176102737
C2H4,AFR,Agricultural Waste Burning,0.11106255838526786
C2H4,MES,Agricultural Waste Burning,0.0005754730521363331
C2H4,LAM,Agricultural Waste Burning,0.017775743388118798
C2H4,REA,Agricultural Waste Burning,0.01574869674942284
C2H4,KOR,Agricultural Waste Burning,0.0003832039030309057
C2H4,IDZ,Agricultural Waste Burning,0.005193180668477456
C2H6,USA,Agricultural Waste Burning,0.005632487354047855
C2H6,CAN,Agricultural Waste Burning,0.0025844443636188082
C2H6,MEX,Agricultural Waste Burning,0.003151684103115074
C2H6,JPN,Agricultural Waste Burning,0.0005549824515709904
C2H6,ANZ,Agricultural Waste Burning,0.003617948265687199
C2H6,EUR,Agricultural Waste Burning,0.004747522008988118
C2H6,ROE,Agricultural Waste Burning,0.01859520941098983
C2H6,RUS,Agricultural Waste Burning,0.060297535400508466
C2H6,ASI,Agricultural Waste Burning,0.006388216636340907
C2H6,CHN,Agricultural Waste Burning,0.028323659778391526
C2H6,IND,Agricultural Waste Burning,0.007361880313348845
C2H6,BRA,Agricultural Waste Burning,0.011298168126740718
C2H6,AFR,Agricultural Waste Burning,0.06922392352988661
C2H6,MES,Agricultural Waste Burning,0.00035868525925330657
C2H6,LAM,Agricultural Waste Burning,0.011079401713124241
C2H6,REA,Agricultural Waste Burning,0.009815968478448778
C2H6,KOR,Agricultural Waste Burning,0.00023884626901006108
C2H6,IDZ,Agricultural Waste Burning,0.0032368454836959053
C3H8,USA,Agricultural Waste Burning,0.0017330729798627053
C3H8,CAN,Agricultural Waste Burning,0.0007952136307914954
C3H8,MEX,Agricultural Waste Burning,0.0009697489307187948
C3H8,JPN,Agricultural Waste Burning,0.00017076382805830985
C3H8,ANZ,Agricultural Waste Burning,0.0011132148214501175
C3H8,EUR,Agricultural Waste Burning,0.0014607759666411524
C3H8,ROE,Agricultural Waste Burning,0.005721602752307743
C3H8,RUS,Agricultural Waste Burning,0.018553087353949994
C3H8,ASI,Agricultural Waste Burning,0.0019656050668888244
C3H8,CHN,Agricultural Waste Burning,0.008714972022433194
C3H8,IND,Agricultural Waste Burning,0.0022651938914812586
C3H8,BRA,Agricultural Waste Burning,0.0034763593330833314
C3H8,AFR,Agricultural Waste Burning,0.021299668254149518
C3H8,MES,Agricultural Waste Burning,0.00011036469210830982
C3H8,LAM,Agricultural Waste Burning,0.0034090466011330836
C3H8,REA,Agricultural Waste Burning,0.0030202979289968793
C3H8,KOR,Agricultural Waste Burning,7.349115857617201e-05
C3H8,IDZ,Agricultural Waste Burning,0.0009959524328109009
CH2O,USA,Agricultural Waste Burning,0.012874255922564056
CH2O,CAN,Agricultural Waste Burning,0.005907300981109222
CH2O,MEX,Agricultural Waste Burning,0.007203848892042719
CH2O,JPN,Agricultural Waste Burning,0.0012685312409059463
CH2O,ANZ,Agricultural Waste Burning,0.008269595470716342
CH2O,EUR,Agricultural Waste Burning,0.010851478160890259
CH2O,ROE,Agricultural Waste Burning,0.04250333305909865
CH2O,RUS,Agricultural Waste Burning,0.13782292897257778
CH2O,ASI,Agricultural Waste Burning,0.014601637055602806
CH2O,CHN,Agricultural Waste Burning,0.06473978973347672
CH2O,IND,Agricultural Waste Burning,0.016827154001414286
CH2O,BRA,Agricultural Waste Burning,0.025824382509226976
CH2O,AFR,Agricultural Waste Burning,0.15822610050534275
CH2O,MES,Agricultural Waste Burning,0.0008198519684895041
CH2O,LAM,Agricultural Waste Burning,0.025324345121725423
CH2O,REA,Agricultural Waste Burning,0.02243649794497653
CH2O,KOR,Agricultural Waste Burning,0.0005459342972756767
CH2O,IDZ,Agricultural Waste Burning,0.007398503524335907
C2H5OH,USA,Agricultural Waste Burning,0.00021663412248283816
C2H5OH,CAN,Agricultural Waste Burning,9.940170384893693e-05
C2H5OH,MEX,Agricultural Waste Burning,0.00012121861633984935
C2H5OH,JPN,Agricultural Waste Burning,2.134547850728873e-05
C2H5OH,ANZ,Agricultural Waste Burning,0.0001391518526812647
C2H5OH,EUR,Agricultural Waste Burning,0.00018259699583014405
C2H5OH,ROE,Agricultural Waste Burning,0.0007152003440384679
C2H5OH,RUS,Agricultural Waste Burning,0.002319135919243749
C2H5OH,ASI,Agricultural Waste Burning,0.00024570063336110305
C2H5OH,CHN,Agricultural Waste Burning,0.0010893715028041492
C2H5OH,IND,Agricultural Waste Burning,0.0002831492364351573
C2H5OH,BRA,Agricultural Waste Burning,0.0004345449166354164
C2H5OH,AFR,Agricultural Waste Burning,0.0026624585317686898
C2H5OH,MES,Agricultural Waste Burning,1.3795586513538728e-05
C2H5OH,LAM,Agricultural Waste Burning,0.00042613082514163545
C2H5OH,REA,Agricultural Waste Burning,0.0003775372411246099
C2H5OH,KOR,Agricultural Waste Burning,9.186394822021502e-06
C2H5OH,IDZ,Agricultural Waste Burning,0.0001244940541013626
HCOOH,USA,Agricultural Waste Burning,0.006189546348089291
HCOOH,CAN,Agricultural Waste Burning,0.0028400486632423833
HCOOH,MEX,Agricultural Waste Burning,0.0034633890214083715
HCOOH,JPN,Agricultural Waste Burning,0.0006098708116961465
HCOOH,ANZ,Agricultural Waste Burning,0.003975767205322061
HCOOH,EUR,Agricultural Waste Burning,0.005217056996220112
HCOOH,ROE,Agricultural Waste Burning,0.020434295480973357
HCOOH,RUS,Agricultural Waste Burning,0.06626102597730375
HCOOH,ASI,Agricultural Waste Burning,0.007020018060245595
HCOOH,CHN,Agricultural Waste Burning,0.03112490001769691
HCOOH,IND,Agricultural Waste Burning,0.008089978170871438
HCOOH,BRA,Agricultural Waste Burning,0.012415568987624451
HCOOH,AFR,Agricultural Waste Burning,0.07607024344408184
HCOOH,MES,Agricultural Waste Burning,0.00039415961412123487
HCOOH,LAM,Agricultural Waste Burning,0.01217516637730421
HCOOH,REA,Agricultural Waste Burning,0.010786778254054948
HCOOH,KOR,Agricultural Waste Burning,0.0002624684203966453
HCOOH,IDZ,Agricultural Waste Burning,0.003556972965052444
MEK,USA,Agricultural Waste Burning,0.005570591564561659
MEK,CAN,Agricultural Waste Burning,0.0025560437298725665
MEK,MEX,Agricultural Waste Burning,0.0031170500380840807
MEK,JPN,Agricultural Waste Burning,0.0005488837138504097
MEK,ANZ,Agricultural Waste Burning,0.003578190389438043
MEK,EUR,Agricultural Waste Burning,0.004695351178037225
MEK,ROE,Agricultural Waste Burning,0.018390865447560512
MEK,RUS,Agricultural Waste Burning,0.059634921768654654
MEK,ASI,Agricultural Waste Burning,0.00631801608347477
MEK,CHN,Agricultural Waste Burning,0.028012409295782883
MEK,IND,Agricultural Waste Burning,0.007280980142362348
MEK,BRA,Agricultural Waste Burning,0.01117401181422311
MEK,AFR,Agricultural Waste Burning,0.06846321735164841
MEK,MES,Agricultural Waste Burning,0.00035474364496391005
MEK,LAM,Agricultural Waste Burning,0.010957649440089414
MEK,REA,Agricultural Waste Burning,0.009708100148089455
MEK,KOR,Agricultural Waste Burning,0.00023622157019559438
MEK,IDZ,Agricultural Waste Burning,0.0032012755853762552
C3H6,USA,Agricultural Waste Burning,0.004208891568265169
C3H6,CAN,Agricultural Waste Burning,0.0019312331153965017
C3H6,MEX,Agricultural Waste Burning,0.0023551045539825293
C3H6,JPN,Agricultural Waste Burning,0.0004147121565362034
C3H6,ANZ,Agricultural Waste Burning,0.0027035217339763796
C3H6,EUR,Agricultural Waste Burning,0.0035475987958300402
C3H6,ROE,Agricultural Waste Burning,0.013895321068710048
C3H6,RUS,Agricultural Waste Burning,0.045057498148618175
C3H6,ASI,Agricultural Waste Burning,0.004773612320501054
C3H6,CHN,Agricultural Waste Burning,0.021164932206557453
C3H6,IND,Agricultural Waste Burning,0.0055011852241303285
C3H6,BRA,Agricultural Waste Burning,0.008442587004383469
C3H6,AFR,Agricultural Waste Burning,0.0517277660627316
C3H6,MES,Agricultural Waste Burning,0.00026802853869480997
C3H6,LAM,Agricultural Waste Burning,0.008279113227182939
C3H6,REA,Agricultural Waste Burning,0.0073350092907037475
C3H6,KOR,Agricultural Waste Burning,0.00017847852771662082
C3H6,IDZ,Agricultural Waste Burning,0.0024187416377894036
C7H8,USA,Agricultural Waste Burning,0.0011760137927467973
C7H8,CAN,Agricultural Waste Burning,0.0005396092403223661
C7H8,MEX,Agricultural Waste Burning,0.0006580439080096877
C7H8,JPN,Agricultural Waste Burning,0.00011587545274797901
C7H8,ANZ,Agricultural Waste Burning,0.0007553957599494177
C7H8,EUR,Agricultural Waste Burning,0.0009912408179792104
C7H8,ROE,Agricultural Waste Burning,0.0038825160884621555
C7H8,RUS,Agricultural Waste Burning,0.012589594779475523
C7H8,ASI,Agricultural Waste Burning,0.001333803413537319
C7H8,CHN,Agricultural Waste Burning,0.005913730934428743
C7H8,IND,Agricultural Waste Burning,0.0015370958315769176
C7H8,BRA,Agricultural Waste Burning,0.0023589580795448464
C7H8,AFR,Agricultural Waste Burning,0.01445334607854094
C7H8,MES,Agricultural Waste Burning,7.489032582999854e-05
C7H8,LAM,Agricultural Waste Burning,0.002313281581932584
C7H8,REA,Agricultural Waste Burning,0.002049487840123237
C7H8,KOR,Agricultural Waste Burning,4.986899965834277e-05
C7H8,IDZ,Agricultural Waste Burning,0.0006758248550176887
C8H10,USA,Agricultural Waste Burning,0.0007056082853042886
C8H10,CAN,Agricultural Waste Burning,0.0003237655476350431
C8H10,MEX,Agricultural Waste Burning,0.00039482634917850054
C8H10,JPN,Agricultural Waste Burning,6.952527263442656e-05
C8H10,ANZ,Agricultural Waste Burning,0.0004532374604348708
C8H10,EUR,Agricultural Waste Burning,0.0005947444980522489
C8H10,ROE,Agricultural Waste Burning,0.002329509684431917
C8H10,RUS,Agricultural Waste Burning,0.007553756963418605
C8H10,ASI,Agricultural Waste Burning,0.0008002820590443982
C8H10,CHN,Agricultural Waste Burning,0.0035482386032674182
C8H10,IND,Agricultural Waste Burning,0.0009222575102896657
C8H10,BRA,Agricultural Waste Burning,0.001415374865120753
C8H10,AFR,Agricultural Waste Burning,0.008672007763313849
C8H10,MES,Agricultural Waste Burning,4.4934195828432524e-05
C8H10,LAM,Agricultural Waste Burning,0.0013879689685930335
C8H10,REA,Agricultural Waste Burning,0.001229692724422178
C8H10,KOR,Agricultural Waste Burning,2.9921399965482636e-05
C8H10,IDZ,Agricultural Waste Burning,0.0004054949181425963
C2H6S,USA,Agricultural Waste Burning,8.04641025777135e-06
C2H6S,CAN,Agricultural Waste Burning,3.6920632730989413e-06
C2H6S,MEX,Agricultural Waste Burning,4.502405747286414e-06
C2H6S,JPN,Agricultural Waste Burning,7.928320579289208e-07
C2H6S,ANZ,Agricultural Waste Burning,5.168497380284751e-06
C2H6S,EUR,Agricultural Waste Burning,6.782174117472611e-06
C2H6S,ROE,Agricultural Waste Burning,2.6564584209395905e-05
C2H6S,RUS,Agricultural Waste Burning,8.613933388449154e-05
C2H6S,ASI,Agricultural Waste Burning,9.12602349370403e-06
C2H6S,CHN,Agricultural Waste Burning,4.0462370129919396e-05
C2H6S,IND,Agricultural Waste Burning,1.0516971653444103e-05
C2H6S,BRA,Agricultural Waste Burning,1.6140239727092416e-05
C2H6S,AFR,Agricultural Waste Burning,9.889131679620595e-05
C2H6S,MES,Agricultural Waste Burning,5.124075005304133e-07
C2H6S,LAM,Agricultural Waste Burning,1.582771631444643e-05
C2H6S,REA,Agricultural Waste Burning,1.4022811769302645e-05
C2H6S,KOR,Agricultural Waste Burning,3.412089501157532e-07
C2H6S,IDZ,Agricultural Waste Burning,4.624064873681792e-06
HCN,USA,Agricultural Waste Burning,0.0017949683891180911
HCN,CAN,Agricultural Waste Burning,0.0008236140879150707
HCN,MEX,Agricultural Waste Burning,0.0010043827857307034
HCN,JPN,Agricultural Waste Burning,0.00017686252944654077
HCN,ANZ,Agricultural Waste Burning,0.0011529724535615847
HCN,EUR,Agricultural Waste Burning,0.0015129464820908063
HCN,ROE,Agricultural Waste Burning,0.005925945518286336
HCN,RUS,Agricultural Waste Burning,0.019215696961792404
HCN,ASI,Agricultural Waste Burning,0.0020358051758074167
HCN,CHN,Agricultural Waste Burning,0.00902622074802446
HCN,IND,Agricultural Waste Burning,0.002346093596774747
HCN,BRA,Agricultural Waste Burning,0.0036005149043730395
HCN,AFR,Agricultural Waste Burning,0.022060369965296662
HCN,MES,Agricultural Waste Burning,0.00011430628526695525
HCN,LAM,Agricultural Waste Burning,0.003530798151856185
HCN,REA,Agricultural Waste Burning,0.0031281656086844705
HCN,KOR,Agricultural Waste Burning,7.611584006615975e-05
HCN,IDZ,Agricultural Waste Burning,0.0010315221302228605
C5H8,USA,Agricultural Waste Burning,0.0023520275854935946
C5H8,CAN,Agricultural Waste Burning,0.0010792184806447322
C5H8,MEX,Agricultural Waste Burning,0.0013160878160193754
C5H8,JPN,Agricultural Waste Burning,0.00023175090549595802
C5H8,ANZ,Agricultural Waste Burning,0.0015107915198988354
C5H8,EUR,Agricultural Waste Burning,0.001982481635958421
C5H8,ROE,Agricultural Waste Burning,0.007765032176924311
C5H8,RUS,Agricultural Waste Burning,0.025179189558951046
C5H8,ASI,Agricultural Waste Burning,0.002667606827074638
C5H8,CHN,Agricultural Waste Burning,0.011827461868857485
C5H8,IND,Agricultural Waste Burning,0.0030741916631538352
C5H8,BRA,Agricultural Waste Burning,0.004717916159089693
C5H8,AFR,Agricultural Waste Burning,0.02890669215708188
C5H8,MES,Agricultural Waste Burning,0.0001497806516599971
C5H8,LAM,Agricultural Waste Burning,0.004626563163865168
C5H8,REA,Agricultural Waste Burning,0.004098975680246474
C5H8,KOR,Agricultural Waste Burning,9.973799931668554e-05
C5H8,IDZ,Agricultural Waste Burning,0.0013516497100353774
C10H16,USA,Agricultural Waste Burning,3.094773103781446e-05
C10H16,CAN,Agricultural Waste Burning,1.4200242966886634e-05
C10H16,MEX,Agricultural Waste Burning,1.7316944709381678e-05
C10H16,JPN,Agricultural Waste Burning,3.049353985366495e-06
C10H16,ANZ,Agricultural Waste Burning,1.9878835639529414e-05
C10H16,EUR,Agricultural Waste Burning,2.6085284398683828e-05
C10H16,ROE,Agricultural Waste Burning,0.00010217147504616414
C10H16,RUS,Agricultural Waste Burning,0.00033130512260120474
C10H16,ASI,Agricultural Waste Burning,3.510008954974407e-05
C10H16,CHN,Agricultural Waste Burning,0.00015562449639787703
C10H16,IND,Agricultural Waste Burning,4.044989007373326e-05
C10H16,BRA,Agricultural Waste Burning,6.207784366599355e-05
C10H16,AFR,Agricultural Waste Burning,0.0003803512087446109
C10H16,MES,Agricultural Waste Burning,1.9707980475183025e-06
C10H16,LAM,Agricultural Waste Burning,6.0875830484578834e-05
C10H16,REA,Agricultural Waste Burning,5.393389010132174e-05
C10H16,KOR,Agricultural Waste Burning,1.312342077124695e-06
C10H16,IDZ,Agricultural Waste Burning,1.7784864421748744e-05
CH3OH,USA,Agricultural Waste Burning,0.020363607204088932
CH3OH,CAN,Agricultural Waste Burning,0.009343759990776739
CH3OH,MEX,Agricultural Waste Burning,0.011394549743175518
CH3OH,JPN,Agricultural Waste Burning,0.002006474947065842
CH3OH,ANZ,Agricultural Waste Burning,0.013080273929999527
CH3OH,EUR,Agricultural Waste Burning,0.017164117302655726
CH3OH,ROE,Agricultural Waste Burning,0.06722883129320086
CH3OH,RUS,Agricultural Waste Burning,0.21799877316744581
CH3OH,ASI,Agricultural Waste Burning,0.02309585917335404
CH3OH,CHN,Agricultural Waste Burning,0.10240091977476527
CH3OH,IND,Agricultural Waste Burning,0.02661602792076063
CH3OH,BRA,Agricultural Waste Burning,0.04084722148561121
CH3OH,AFR,Agricultural Waste Burning,0.25027109801370945
CH3OH,MES,Agricultural Waste Burning,0.0012967851144341127
CH3OH,LAM,Agricultural Waste Burning,0.040056296953972975
CH3OH,REA,Agricultural Waste Burning,0.03548850008028106
CH3OH,KOR,Agricultural Waste Burning,0.000863521089921594
CH3OH,IDZ,Agricultural Waste Burning,0.011702440891170163
CH3COOH,USA,Agricultural Waste Burning,0.03459956500102099
CH3COOH,CAN,Agricultural Waste Burning,0.015875872410493846
CH3COOH,MEX,Agricultural Waste Burning,0.01936034512343086
CH3COOH,JPN,Agricultural Waste Burning,0.0034091779334170205
CH3COOH,ANZ,Agricultural Waste Burning,0.02222453932114061
CH3COOH,EUR,Agricultural Waste Burning,0.029163349404132823
CH3COOH,ROE,Agricultural Waste Burning,0.11422771476445837
CH3COOH,RUS,Agricultural Waste Burning,0.37039914499042653
CH3COOH,ASI,Agricultural Waste Burning,0.0392419020510128
CH3COOH,CHN,Agricultural Waste Burning,0.17398819580621924
CH3COOH,IND,Agricultural Waste Burning,0.045222979324593
CH3COOH,BRA,Agricultural Waste Burning,0.06940303252844662
CH3COOH,AFR,Agricultural Waste Burning,0.4252326724014347
CH3COOH,MES,Agricultural Waste Burning,0.0022033522914324402
CH3COOH,LAM,Agricultural Waste Burning,0.06805918200084421
CH3COOH,REA,Agricultural Waste Burning,0.06029809215018371
CH3COOH,KOR,Agricultural Waste Burning,0.0014671985066020523
CH3COOH,IDZ,Agricultural Waste Burning,0.0198834793980195
C3H6O,USA,Agricultural Waste Burning,0.0027852957822808297
C3H6O,CAN,Agricultural Waste Burning,0.0012780218649362832
C3H6O,MEX,Agricultural Waste Burning,0.0015585250190420404
C3H6O,JPN,Agricultural Waste Burning,0.00027444185692520484
C3H6O,ANZ,Agricultural Waste Burning,0.0017890951947190216
C3H6O,EUR,Agricultural Waste Burning,0.0023476755890186126
C3H6O,ROE,Agricultural Waste Burning,0.009195432723780256
C3H6O,RUS,Agricultural Waste Burning,0.029817460884327327
C3H6O,ASI,Agricultural Waste Burning,0.003159008041737385
C3H6O,CHN,Agricultural Waste Burning,0.014006204647891441
C3H6O,IND,Agricultural Waste Burning,0.003640490071181174
C3H6O,BRA,Agricultural Waste Burning,0.005587005907111555
C3H6O,AFR,Agricultural Waste Burning,0.034231608675824206
C3H6O,MES,Agricultural Waste Burning,0.00017737182248195503
C3H6O,LAM,Agricultural Waste Burning,0.005478824720044707
C3H6O,REA,Agricultural Waste Burning,0.004854050074044727
C3H6O,KOR,Agricultural Waste Burning,0.00011811078509779719
C3H6O,IDZ,Agricultural Waste Burning,0.0016006377926881276
